{"stats":{"minecraft:broken":{"minecraft:wooden_pickaxe":2},"minecraft:killed":{"minecraft:spider":1,"minecraft:zombie":4,"minecraft:chicken":3,"minecraft:drowned":2},"minecraft:mined":{"minecraft:crafting_table":3,"minecraft:short_grass":8,"biomesoplenty:tall_white_lavender":3,"biomesoplenty:sprout":4,"minecraft:diorite":2,"minecraft:furnace":1,"minecraft:iron_ore":28,"minecraft:sweet_berry_bush":19,"minecraft:spruce_log":7,"biomesoplenty:fir_log":29,"minecraft:coal_ore":27,"minecraft:sunflower":1,"minecraft:stone":163,"minecraft:fern":2},"minecraft:killed_by":{"minecraft:skeleton":2,"minecraft:zombie":3},"minecraft:picked_up":{"minecraft:crafting_table":3,"minecraft:feather":1,"minecraft:chicken":3,"biomesoplenty:fir_log":29,"minecraft:string":2,"minecraft:dirt":21,"minecraft:spruce_planks":13,"minecraft:iron_ingot":1,"minecraft:stone_pickaxe":1,"minecraft:iron_pickaxe":1,"minecraft:furnace":1,"minecraft:egg":4,"minecraft:stick":7,"minecraft:raw_iron":28,"minecraft:sweet_berries":48,"biomesoplenty:tall_white_lavender":3,"minecraft:diorite":2,"minecraft:spruce_log":7,"minecraft:stone_sword":1,"minecraft:arrow":1,"minecraft:rotten_flesh":3,"minecraft:stone_axe":1,"minecraft:coal":49,"minecraft:snowball":11,"minecraft:cobblestone":263,"minecraft:sunflower":1},"minecraft:used":{"minecraft:diorite":2,"minecraft:stone_sword":14,"minecraft:stone_pickaxe":93,"minecraft:wooden_pickaxe":118,"minecraft:iron_sword":9,"biomesoplenty:fir_planks":9,"biomesoplenty:fir_boat":1,"minecraft:cooked_chicken":3,"minecraft:rotten_flesh":3,"minecraft:dirt":21,"minecraft:crafting_table":5,"biomesoplenty:tall_white_lavender":3,"minecraft:sunflower":1,"minecraft:iron_pickaxe":14,"minecraft:stone_axe":5,"minecraft:furnace":2,"minecraft:egg":4},"minecraft:crafted":{"biomesoplenty:fir_boat":1,"minecraft:crafting_table":2,"minecraft:spruce_planks":28,"minecraft:wooden_pickaxe":2,"minecraft:cooked_chicken":3,"minecraft:iron_sword":1,"minecraft:furnace":2,"minecraft:stone_axe":1,"minecraft:air":0,"biomesoplenty:fir_planks":116,"minecraft:shield":1,"minecraft:stick":56,"minecraft:iron_ingot":25,"minecraft:iron_pickaxe":2,"minecraft:stone_pickaxe":2,"minecraft:stone_sword":1,"minecraft:shears":1},"minecraft:custom":{"minecraft:interact_with_furnace":13,"minecraft:mob_kills":10,"minecraft:interact_with_crafting_table":12,"minecraft:leave_game":4,"minecraft:time_since_death":7546,"minecraft:time_since_rest":7576,"minecraft:sprint_one_cm":99421,"minecraft:damage_taken":1796,"minecraft:walk_one_cm":102786,"minecraft:damage_dealt":1836,"minecraft:swim_one_cm":16975,"minecraft:fly_one_cm":118869,"minecraft:open_chest":2,"minecraft:crouch_one_cm":1925,"minecraft:play_time":65998,"minecraft:deaths":6,"minecraft:sneak_time":2861,"minecraft:walk_under_water_one_cm":5563,"minecraft:boat_one_cm":20596,"minecraft:jump":658,"minecraft:walk_on_water_one_cm":3047,"minecraft:total_world_time":65998,"minecraft:fall_one_cm":23561}},"DataVersion":3955}