{"stats":{"minecraft:broken":{"minecraft:wooden_pickaxe":1},"minecraft:mined":{"minecraft:iron_ore":14,"minecraft:spruce_log":7,"minecraft:crafting_table":2,"minecraft:short_grass":3,"minecraft:coal_ore":27,"minecraft:stone":101,"minecraft:diorite":1,"minecraft:fern":1},"minecraft:killed":{"minecraft:zombie":4,"minecraft:chicken":3,"minecraft:spider":1},"minecraft:killed_by":{"minecraft:skeleton":1,"minecraft:zombie":2},"minecraft:picked_up":{"minecraft:crafting_table":2,"minecraft:stick":7,"minecraft:raw_iron":14,"minecraft:feather":1,"minecraft:chicken":3,"minecraft:diorite":1,"minecraft:spruce_log":7,"minecraft:dirt":21,"minecraft:string":2,"minecraft:stone_sword":1,"minecraft:arrow":1,"minecraft:rotten_flesh":3,"minecraft:stone_axe":1,"minecraft:spruce_planks":13,"minecraft:iron_ingot":1,"minecraft:stone_pickaxe":1,"minecraft:iron_pickaxe":1,"minecraft:coal":34,"minecraft:snowball":11,"minecraft:cobblestone":201,"minecraft:egg":4},"minecraft:used":{"minecraft:diorite":1,"minecraft:stone_sword":14,"minecraft:stone_pickaxe":72,"minecraft:iron_pickaxe":14,"minecraft:wooden_pickaxe":59,"minecraft:cooked_chicken":1,"minecraft:rotten_flesh":3,"minecraft:stone_axe":5,"minecraft:dirt":21,"minecraft:crafting_table":2,"minecraft:furnace":1,"minecraft:egg":4},"minecraft:crafted":{"minecraft:crafting_table":1,"minecraft:spruce_planks":28,"minecraft:stick":16,"minecraft:cooked_chicken":3,"minecraft:wooden_pickaxe":1,"minecraft:iron_ingot":11,"minecraft:iron_pickaxe":1,"minecraft:stone_pickaxe":1,"minecraft:stone_sword":1,"minecraft:furnace":1,"minecraft:stone_axe":1,"minecraft:air":0},"minecraft:custom":{"minecraft:time_since_rest":5048,"minecraft:interact_with_furnace":10,"minecraft:sprint_one_cm":65715,"minecraft:damage_taken":811,"minecraft:walk_one_cm":73462,"minecraft:mob_kills":8,"minecraft:damage_dealt":1278,"minecraft:swim_one_cm":2694,"minecraft:interact_with_crafting_table":5,"minecraft:fly_one_cm":64770,"minecraft:crouch_one_cm":421,"minecraft:play_time":41998,"minecraft:deaths":3,"minecraft:sneak_time":346,"minecraft:walk_under_water_one_cm":508,"minecraft:jump":407,"minecraft:leave_game":4,"minecraft:time_since_death":3173,"minecraft:walk_on_water_one_cm":690,"minecraft:total_world_time":41998,"minecraft:fall_one_cm":14808}},"DataVersion":3955}