{"stats":{"minecraft:broken":{"minecraft:wooden_pickaxe":2},"minecraft:killed":{"minecraft:cave_spider":2,"minecraft:pig":2,"minecraft:spider":1,"minecraft:sheep":20,"minecraft:goat":1,"minecraft:zombie":7,"minecraft:chicken":3,"minecraft:drowned":3,"minecraft:cow":7},"minecraft:mined":{"minecraft:white_bed":1,"minecraft:crafting_table":4,"minecraft:short_grass":11,"biomesoplenty:high_grass_plant":2,"minecraft:tall_grass":1,"biomesoplenty:tall_white_lavender":3,"biomesoplenty:sprout":4,"minecraft:diorite":2,"biomesoplenty:jacaranda_log":1,"minecraft:furnace":1,"minecraft:iron_ore":31,"minecraft:sweet_berry_bush":21,"minecraft:ice":1,"biomesoplenty:lavender":4,"minecraft:spruce_log":7,"biomesoplenty:fir_log":29,"biomesoplenty:high_grass":4,"minecraft:coal_ore":27,"biomesoplenty:webbing":1,"minecraft:sunflower":1,"biomesoplenty:stringy_cobweb":1,"minecraft:cobweb":1,"biomesoplenty:spider_egg":1,"minecraft:stone":171,"minecraft:oak_leaves":5,"biomesoplenty:redwood_wood":1,"minecraft:fern":3},"minecraft:killed_by":{"minecraft:cave_spider":1,"minecraft:skeleton":3,"minecraft:zombie":3,"minecraft:drowned":1},"minecraft:picked_up":{"biomesoplenty:lavender":3,"minecraft:crafting_table":4,"minecraft:feather":1,"minecraft:chicken":3,"minecraft:leather":5,"biomesoplenty:fir_log":29,"minecraft:string":5,"minecraft:dirt":21,"biomesoplenty:fir_boat":3,"minecraft:spruce_planks":13,"minecraft:beef":15,"minecraft:iron_ingot":1,"minecraft:stone_pickaxe":1,"minecraft:iron_pickaxe":1,"biomesoplenty:redwood_wood":1,"minecraft:furnace":1,"minecraft:egg":4,"minecraft:stick":8,"minecraft:raw_iron":31,"minecraft:sweet_berries":48,"minecraft:porkchop":4,"biomesoplenty:tall_white_lavender":3,"minecraft:white_bed":1,"minecraft:diorite":2,"minecraft:spruce_log":7,"minecraft:stone_sword":1,"minecraft:arrow":1,"minecraft:rotten_flesh":6,"biomesoplenty:jacaranda_log":1,"minecraft:stone_axe":1,"minecraft:black_wool":1,"minecraft:mutton":24,"minecraft:coal":49,"minecraft:snowball":11,"minecraft:white_wool":21,"minecraft:cobblestone":271,"minecraft:sunflower":1},"minecraft:used":{"minecraft:diorite":2,"minecraft:stone_sword":14,"biomesoplenty:redwood_planks":4,"minecraft:stone_pickaxe":98,"minecraft:shield":1,"minecraft:wooden_pickaxe":118,"minecraft:iron_sword":90,"biomesoplenty:fir_planks":9,"biomesoplenty:fir_boat":3,"biomesoplenty:lavender":3,"minecraft:cooked_chicken":3,"minecraft:rotten_flesh":3,"minecraft:dirt":21,"minecraft:crafting_table":7,"minecraft:white_bed":2,"biomesoplenty:jacaranda_planks":4,"biomesoplenty:tall_white_lavender":3,"minecraft:sunflower":1,"minecraft:iron_pickaxe":20,"minecraft:stone_axe":5,"minecraft:sweet_berries":27,"minecraft:furnace":4,"minecraft:egg":4},"minecraft:crafted":{"biomesoplenty:fir_boat":1,"biomesoplenty:jacaranda_planks":4,"minecraft:crafting_table":3,"minecraft:spruce_planks":28,"biomesoplenty:redwood_planks":4,"minecraft:wooden_pickaxe":2,"minecraft:cooked_chicken":3,"minecraft:iron_sword":1,"minecraft:furnace":3,"minecraft:stone_axe":1,"minecraft:air":0,"biomesoplenty:fir_planks":116,"minecraft:shield":1,"minecraft:stick":56,"minecraft:iron_ingot":25,"minecraft:iron_pickaxe":2,"minecraft:stone_pickaxe":2,"minecraft:stone_sword":1,"minecraft:white_bed":1,"minecraft:shears":1},"minecraft:custom":{"minecraft:interact_with_furnace":15,"minecraft:mob_kills":46,"minecraft:interact_with_crafting_table":14,"minecraft:leave_game":5,"minecraft:time_since_death":1326,"minecraft:sleep_in_bed":2,"minecraft:time_since_rest":1353,"minecraft:sprint_one_cm":182242,"minecraft:damage_taken":2831,"minecraft:walk_one_cm":159910,"minecraft:damage_blocked_by_shield":473,"minecraft:damage_dealt":5229,"minecraft:swim_one_cm":27878,"minecraft:fly_one_cm":228555,"minecraft:open_chest":4,"minecraft:crouch_one_cm":2215,"minecraft:play_time":92482,"minecraft:deaths":10,"minecraft:sneak_time":3226,"minecraft:walk_under_water_one_cm":9426,"minecraft:boat_one_cm":256399,"minecraft:jump":1229,"minecraft:walk_on_water_one_cm":6168,"minecraft:total_world_time":92482,"minecraft:fall_one_cm":37443}},"DataVersion":3955}