{"stats":{"minecraft:broken":{"minecraft:wooden_pickaxe":2},"minecraft:killed":{"minecraft:pig":2,"minecraft:spider":1,"minecraft:sheep":8,"minecraft:zombie":7,"minecraft:chicken":3,"minecraft:drowned":3},"minecraft:mined":{"minecraft:white_bed":1,"minecraft:crafting_table":4,"minecraft:short_grass":9,"biomesoplenty:tall_white_lavender":3,"biomesoplenty:sprout":4,"minecraft:diorite":2,"biomesoplenty:jacaranda_log":1,"minecraft:furnace":1,"minecraft:iron_ore":28,"minecraft:sweet_berry_bush":21,"minecraft:ice":1,"biomesoplenty:lavender":4,"minecraft:spruce_log":7,"biomesoplenty:fir_log":29,"minecraft:coal_ore":27,"minecraft:sunflower":1,"minecraft:stone":163,"biomesoplenty:redwood_wood":1,"minecraft:fern":3},"minecraft:killed_by":{"minecraft:skeleton":3,"minecraft:zombie":3,"minecraft:drowned":1},"minecraft:picked_up":{"biomesoplenty:lavender":3,"minecraft:crafting_table":4,"minecraft:feather":1,"minecraft:chicken":3,"biomesoplenty:fir_log":29,"minecraft:string":2,"minecraft:dirt":21,"biomesoplenty:fir_boat":3,"minecraft:spruce_planks":13,"minecraft:iron_ingot":1,"minecraft:stone_pickaxe":1,"minecraft:iron_pickaxe":1,"biomesoplenty:redwood_wood":1,"minecraft:furnace":1,"minecraft:egg":4,"minecraft:stick":7,"minecraft:raw_iron":28,"minecraft:sweet_berries":48,"minecraft:porkchop":4,"biomesoplenty:tall_white_lavender":3,"minecraft:white_bed":1,"minecraft:diorite":2,"minecraft:spruce_log":7,"minecraft:stone_sword":1,"minecraft:arrow":1,"minecraft:rotten_flesh":6,"biomesoplenty:jacaranda_log":1,"minecraft:stone_axe":1,"minecraft:mutton":11,"minecraft:coal":49,"minecraft:snowball":11,"minecraft:white_wool":11,"minecraft:cobblestone":263,"minecraft:sunflower":1},"minecraft:used":{"minecraft:diorite":2,"minecraft:stone_sword":14,"biomesoplenty:redwood_planks":4,"minecraft:stone_pickaxe":93,"minecraft:wooden_pickaxe":118,"minecraft:iron_sword":40,"biomesoplenty:fir_planks":9,"biomesoplenty:fir_boat":3,"biomesoplenty:lavender":3,"minecraft:cooked_chicken":3,"minecraft:rotten_flesh":3,"minecraft:dirt":21,"minecraft:crafting_table":6,"minecraft:white_bed":1,"biomesoplenty:jacaranda_planks":4,"biomesoplenty:tall_white_lavender":3,"minecraft:sunflower":1,"minecraft:iron_pickaxe":14,"minecraft:stone_axe":5,"minecraft:sweet_berries":23,"minecraft:furnace":2,"minecraft:egg":4},"minecraft:crafted":{"biomesoplenty:fir_boat":1,"biomesoplenty:jacaranda_planks":4,"minecraft:crafting_table":3,"minecraft:spruce_planks":28,"biomesoplenty:redwood_planks":4,"minecraft:wooden_pickaxe":2,"minecraft:cooked_chicken":3,"minecraft:iron_sword":1,"minecraft:furnace":2,"minecraft:stone_axe":1,"minecraft:air":0,"biomesoplenty:fir_planks":116,"minecraft:shield":1,"minecraft:stick":56,"minecraft:iron_ingot":25,"minecraft:iron_pickaxe":2,"minecraft:stone_pickaxe":2,"minecraft:stone_sword":1,"minecraft:white_bed":1,"minecraft:shears":1},"minecraft:custom":{"minecraft:interact_with_furnace":13,"minecraft:mob_kills":24,"minecraft:interact_with_crafting_table":13,"minecraft:leave_game":4,"minecraft:time_since_death":7360,"minecraft:sleep_in_bed":1,"minecraft:time_since_rest":7393,"minecraft:sprint_one_cm":159874,"minecraft:damage_taken":2541,"minecraft:walk_one_cm":130489,"minecraft:damage_dealt":3229,"minecraft:swim_one_cm":27878,"minecraft:fly_one_cm":197005,"minecraft:open_chest":4,"minecraft:crouch_one_cm":1936,"minecraft:play_time":83998,"minecraft:deaths":9,"minecraft:sneak_time":3162,"minecraft:walk_under_water_one_cm":9426,"minecraft:boat_one_cm":256399,"minecraft:jump":969,"minecraft:walk_on_water_one_cm":6079,"minecraft:total_world_time":83998,"minecraft:fall_one_cm":29715}},"DataVersion":3955}