{"stats":{"minecraft:killed":{"minecraft:pig":1,"minecraft:zombie_villager":1,"minecraft:spider":1,"minecraft:creeper":2,"minecraft:sheep":1,"minecraft:skeleton":2,"minecraft:zombie":6},"minecraft:mined":{"biomesoplenty:maple_log":19,"minecraft:red_bed":5,"minecraft:crafting_table":2,"biomesoplenty:red_maple_leaves":3,"minecraft:cobblestone":2,"minecraft:diorite":1,"minecraft:spawner":1,"minecraft:furnace":2,"biomesoplenty:red_maple_leaf_pile":1,"minecraft:iron_ore":39,"minecraft:white_carpet":4,"minecraft:deepslate_lapis_ore":3,"minecraft:coal_ore":57,"minecraft:deepslate_iron_ore":18,"minecraft:dripstone_block":3,"minecraft:stone":35,"minecraft:deepslate":15,"minecraft:fern":1},"minecraft:dropped":{"minecraft:stone_axe":1,"minecraft:white_carpet":6,"minecraft:golden_apple":1,"minecraft:stone_pickaxe":1,"minecraft:wooden_pickaxe":1},"minecraft:killed_by":{"minecraft:skeleton":1},"minecraft:picked_up":{"minecraft:crafting_table":2,"minecraft:gunpowder":2,"minecraft:lapis_lazuli":16,"minecraft:string":2,"minecraft:red_bed":5,"biomesoplenty:maple_planks":64,"minecraft:white_carpet":7,"minecraft:bone":2,"minecraft:cobbled_deepslate":15,"biomesoplenty:maple_log":19,"minecraft:stone_pickaxe":1,"minecraft:furnace":2,"minecraft:raw_iron":61,"minecraft:stick":2,"minecraft:dripstone_block":3,"minecraft:porkchop":3,"minecraft:diorite":1,"minecraft:arrow":2,"minecraft:rotten_flesh":14,"minecraft:stone_axe":1,"minecraft:granite":1,"minecraft:golden_apple":2,"minecraft:coal":129,"minecraft:cobblestone":35},"minecraft:used":{"minecraft:diorite":1,"minecraft:stone_pickaxe":66,"biomesoplenty:maple_planks":1,"minecraft:wooden_pickaxe":8,"minecraft:shield":11,"minecraft:rotten_flesh":17,"minecraft:torch":1,"minecraft:golden_apple":1,"minecraft:white_carpet":1,"minecraft:crafting_table":3,"minecraft:red_bed":4,"minecraft:dripstone_block":3,"minecraft:granite":1,"minecraft:iron_axe":31,"minecraft:iron_pickaxe":103,"minecraft:stone_axe":41,"minecraft:cobblestone":21,"minecraft:furnace":2,"minecraft:porkchop":3,"minecraft:splash_potion":1},"minecraft:crafted":{"minecraft:crafting_table":2,"minecraft:wooden_pickaxe":1,"minecraft:iron_helmet":1,"biomesoplenty:maple_planks":76,"minecraft:furnace":1,"minecraft:stone_axe":2,"minecraft:air":0,"minecraft:iron_boots":1,"minecraft:iron_chestplate":1,"minecraft:shield":1,"minecraft:iron_axe":1,"minecraft:stick":12,"minecraft:iron_ingot":35,"minecraft:iron_pickaxe":1,"minecraft:stone_pickaxe":1,"minecraft:iron_leggings":1,"minecraft:torch":8},"minecraft:custom":{"minecraft:interact_with_furnace":23,"minecraft:mob_kills":14,"minecraft:interact_with_crafting_table":13,"minecraft:time_since_death":27586,"minecraft:climb_one_cm":2750,"minecraft:time_since_rest":27609,"minecraft:sprint_one_cm":49715,"minecraft:damage_taken":873,"minecraft:walk_one_cm":114103,"minecraft:damage_blocked_by_shield":675,"minecraft:drop":8,"minecraft:damage_dealt":2942,"minecraft:swim_one_cm":8908,"minecraft:fly_one_cm":80729,"minecraft:open_chest":5,"minecraft:crouch_one_cm":786,"minecraft:play_time":47423,"minecraft:deaths":1,"minecraft:sneak_time":534,"minecraft:walk_under_water_one_cm":1836,"minecraft:jump":757,"minecraft:interact_with_brewingstand":1,"minecraft:walk_on_water_one_cm":5977,"minecraft:total_world_time":47423,"minecraft:fall_one_cm":19048}},"DataVersion":3955}