{"stats":{"minecraft:killed":{"minecraft:pig":7,"minecraft:witch":1,"minecraft:zombie_villager":2,"minecraft:bat":1,"minecraft:spider":2,"minecraft:creeper":8,"minecraft:sheep":1,"minecraft:skeleton":18,"minecraft:zombie":34,"minecraft:cow":3},"minecraft:broken":{"minecraft:shield":1,"minecraft:iron_axe":1},"minecraft:mined":{"minecraft:deepslate_redstone_ore":8,"biomesoplenty:maple_log":20,"minecraft:tuff":18,"minecraft:red_bed":17,"minecraft:deepslate_diamond_ore":39,"minecraft:cherry_log":1,"minecraft:crafting_table":4,"biomesoplenty:red_maple_leaves":3,"minecraft:short_grass":2,"biomesoplenty:snowblossom_leaves":1,"minecraft:cobblestone":2,"biomesoplenty:tall_white_lavender":1,"minecraft:spruce_leaves":1,"minecraft:deepslate_gold_ore":5,"minecraft:diorite":1,"minecraft:spawner":1,"minecraft:raw_iron_block":1,"biomesoplenty:jacaranda_log":1,"minecraft:coarse_dirt":4,"minecraft:furnace":4,"biomesoplenty:icy_iris":1,"biomesoplenty:red_maple_leaf_pile":1,"minecraft:iron_ore":46,"minecraft:white_carpet":7,"minecraft:moss_carpet":1,"minecraft:deepslate_lapis_ore":6,"biomesoplenty:maple_planks":2,"minecraft:coal_ore":72,"minecraft:iron_bars":1,"minecraft:deepslate_iron_ore":74,"minecraft:dripstone_block":3,"biomesoplenty:orange_maple_leaf_pile":1,"minecraft:stone":49,"minecraft:oak_leaves":3,"minecraft:deepslate":66,"minecraft:fern":1},"minecraft:dropped":{"minecraft:iron_sword":1,"minecraft:moss_carpet":1,"minecraft:stone_axe":1,"biomesoplenty:tall_white_lavender":2,"minecraft:wheat_seeds":1,"minecraft:cherry_log":2,"minecraft:glow_ink_sac":4,"minecraft:pointed_dripstone":2,"minecraft:white_carpet":9,"minecraft:golden_apple":1,"minecraft:bow":1,"minecraft:stone_pickaxe":1,"minecraft:wooden_pickaxe":1,"minecraft:iron_pickaxe":1,"minecraft:string":2},"minecraft:killed_by":{"minecraft:skeleton":4,"minecraft:creeper":2,"minecraft:zombie":1},"minecraft:picked_up":{"minecraft:coarse_dirt":15,"minecraft:crafting_table":4,"minecraft:glow_ink_sac":4,"minecraft:leather":6,"minecraft:tuff":16,"minecraft:gunpowder":5,"minecraft:moss_carpet":1,"minecraft:lapis_lazuli":36,"minecraft:string":2,"minecraft:red_bed":17,"biomesoplenty:maple_planks":66,"minecraft:white_carpet":13,"minecraft:bone":12,"minecraft:bow":2,"minecraft:wheat_seeds":1,"minecraft:raw_gold":5,"minecraft:cobbled_deepslate":68,"biomesoplenty:maple_log":20,"minecraft:beef":4,"minecraft:stone_pickaxe":1,"minecraft:iron_sword":1,"minecraft:furnace":4,"minecraft:raw_iron":165,"minecraft:stick":2,"minecraft:raw_iron_block":1,"minecraft:dripstone_block":3,"biomesoplenty:tall_white_lavender":2,"minecraft:porkchop":13,"minecraft:cherry_log":2,"minecraft:pointed_dripstone":2,"minecraft:diorite":1,"minecraft:redstone":44,"minecraft:spider_eye":1,"biomesoplenty:jacaranda_log":1,"minecraft:arrow":12,"minecraft:rotten_flesh":41,"minecraft:diamond":39,"minecraft:stone_axe":1,"minecraft:granite":1,"minecraft:golden_apple":2,"minecraft:coal":192,"minecraft:cobblestone":49},"minecraft:used":{"minecraft:diorite":1,"minecraft:stone_pickaxe":66,"biomesoplenty:maple_planks":5,"minecraft:wooden_pickaxe":8,"minecraft:shield":73,"minecraft:rotten_flesh":45,"minecraft:torch":4,"minecraft:golden_apple":1,"minecraft:white_carpet":1,"minecraft:crafting_table":5,"minecraft:red_bed":16,"minecraft:dripstone_block":3,"minecraft:tuff":11,"minecraft:granite":1,"biomesoplenty:jacaranda_planks":4,"minecraft:apple":3,"minecraft:iron_axe":214,"minecraft:iron_pickaxe":328,"minecraft:stone_axe":41,"minecraft:beef":4,"minecraft:cobblestone":35,"minecraft:furnace":4,"minecraft:porkchop":13,"minecraft:coarse_dirt":15,"minecraft:cobbled_deepslate":53,"minecraft:splash_potion":2},"minecraft:crafted":{"biomesoplenty:jacaranda_planks":4,"minecraft:crafting_table":2,"minecraft:wooden_pickaxe":1,"minecraft:iron_helmet":1,"biomesoplenty:maple_planks":80,"minecraft:furnace":1,"minecraft:stone_axe":2,"minecraft:air":0,"minecraft:iron_boots":1,"minecraft:iron_chestplate":1,"minecraft:shield":3,"minecraft:iron_axe":2,"minecraft:stick":16,"minecraft:iron_ingot":86,"minecraft:iron_pickaxe":2,"minecraft:stone_pickaxe":1,"minecraft:iron_leggings":1,"minecraft:torch":8},"minecraft:custom":{"minecraft:interact_with_furnace":27,"minecraft:mob_kills":81,"minecraft:interact_with_crafting_table":16,"minecraft:time_since_death":165,"minecraft:sleep_in_bed":8,"minecraft:climb_one_cm":6413,"minecraft:time_since_rest":194,"minecraft:sprint_one_cm":264235,"minecraft:damage_taken":3967,"minecraft:walk_one_cm":405171,"minecraft:damage_blocked_by_shield":5087,"minecraft:drop":23,"minecraft:damage_dealt":15424,"minecraft:swim_one_cm":114280,"minecraft:fly_one_cm":428591,"minecraft:open_chest":7,"minecraft:crouch_one_cm":7076,"minecraft:play_time":149423,"minecraft:deaths":10,"minecraft:sneak_time":2639,"minecraft:walk_under_water_one_cm":14064,"minecraft:jump":3121,"minecraft:interact_with_brewingstand":2,"minecraft:walk_on_water_one_cm":41780,"minecraft:total_world_time":149423,"minecraft:fall_one_cm":75236}},"DataVersion":3955}