{"stats":{"minecraft:broken":{"minecraft:iron_axe":1},"minecraft:killed":{"minecraft:pig":3,"minecraft:witch":1,"minecraft:zombie_villager":1,"minecraft:bat":1,"minecraft:spider":1,"minecraft:creeper":5,"minecraft:sheep":1,"minecraft:skeleton":10,"minecraft:zombie":24,"minecraft:cow":3},"minecraft:mined":{"minecraft:deepslate_redstone_ore":3,"biomesoplenty:maple_log":20,"minecraft:tuff":10,"minecraft:red_bed":12,"minecraft:deepslate_diamond_ore":17,"minecraft:cherry_log":1,"minecraft:crafting_table":3,"biomesoplenty:red_maple_leaves":3,"minecraft:short_grass":1,"minecraft:cobblestone":2,"biomesoplenty:tall_white_lavender":1,"minecraft:spruce_leaves":1,"minecraft:diorite":1,"minecraft:spawner":1,"minecraft:furnace":3,"biomesoplenty:icy_iris":1,"biomesoplenty:red_maple_leaf_pile":1,"minecraft:iron_ore":39,"minecraft:white_carpet":4,"minecraft:moss_carpet":1,"minecraft:deepslate_lapis_ore":6,"biomesoplenty:maple_planks":2,"minecraft:coal_ore":57,"minecraft:deepslate_iron_ore":40,"minecraft:dripstone_block":3,"biomesoplenty:orange_maple_leaf_pile":1,"minecraft:stone":35,"minecraft:oak_leaves":3,"minecraft:deepslate":36,"minecraft:fern":1},"minecraft:dropped":{"minecraft:moss_carpet":1,"minecraft:stone_axe":1,"biomesoplenty:tall_white_lavender":2,"minecraft:wheat_seeds":1,"minecraft:cherry_log":2,"minecraft:glow_ink_sac":2,"minecraft:pointed_dripstone":2,"minecraft:white_carpet":6,"minecraft:golden_apple":1,"minecraft:bow":1,"minecraft:stone_pickaxe":1,"minecraft:wooden_pickaxe":1,"minecraft:iron_pickaxe":1,"minecraft:string":2},"minecraft:killed_by":{"minecraft:skeleton":2,"minecraft:creeper":1,"minecraft:zombie":1},"minecraft:picked_up":{"minecraft:coarse_dirt":11,"minecraft:crafting_table":3,"minecraft:glow_ink_sac":2,"minecraft:leather":6,"minecraft:tuff":10,"minecraft:gunpowder":5,"minecraft:moss_carpet":1,"minecraft:lapis_lazuli":36,"minecraft:string":2,"minecraft:red_bed":12,"biomesoplenty:maple_planks":66,"minecraft:white_carpet":7,"minecraft:bone":7,"minecraft:bow":1,"minecraft:wheat_seeds":1,"minecraft:cobbled_deepslate":36,"biomesoplenty:maple_log":20,"minecraft:beef":4,"minecraft:stone_pickaxe":1,"minecraft:furnace":3,"minecraft:raw_iron":125,"minecraft:stick":2,"minecraft:dripstone_block":3,"biomesoplenty:tall_white_lavender":2,"minecraft:porkchop":7,"minecraft:cherry_log":2,"minecraft:pointed_dripstone":2,"minecraft:diorite":1,"minecraft:redstone":22,"minecraft:spider_eye":1,"minecraft:arrow":9,"minecraft:rotten_flesh":31,"minecraft:diamond":17,"minecraft:stone_axe":1,"minecraft:granite":1,"minecraft:golden_apple":2,"minecraft:coal":177,"minecraft:cobblestone":35},"minecraft:used":{"minecraft:diorite":1,"minecraft:stone_pickaxe":66,"biomesoplenty:maple_planks":5,"minecraft:wooden_pickaxe":8,"minecraft:shield":34,"minecraft:rotten_flesh":35,"minecraft:torch":2,"minecraft:golden_apple":1,"minecraft:white_carpet":1,"minecraft:crafting_table":4,"minecraft:red_bed":10,"minecraft:dripstone_block":3,"minecraft:tuff":10,"minecraft:granite":1,"minecraft:iron_axe":135,"minecraft:iron_pickaxe":184,"minecraft:stone_axe":41,"minecraft:beef":4,"minecraft:cobblestone":21,"minecraft:furnace":3,"minecraft:porkchop":7,"minecraft:cobbled_deepslate":32,"minecraft:splash_potion":1},"minecraft:crafted":{"minecraft:crafting_table":2,"minecraft:wooden_pickaxe":1,"minecraft:iron_helmet":1,"biomesoplenty:maple_planks":80,"minecraft:furnace":1,"minecraft:stone_axe":2,"minecraft:air":0,"minecraft:iron_boots":1,"minecraft:iron_chestplate":1,"minecraft:shield":1,"minecraft:iron_axe":2,"minecraft:stick":16,"minecraft:iron_ingot":37,"minecraft:iron_pickaxe":2,"minecraft:stone_pickaxe":1,"minecraft:iron_leggings":1,"minecraft:torch":8},"minecraft:custom":{"minecraft:interact_with_furnace":25,"minecraft:mob_kills":52,"minecraft:interact_with_crafting_table":15,"minecraft:time_since_death":11717,"minecraft:sleep_in_bed":4,"minecraft:climb_one_cm":2750,"minecraft:time_since_rest":7883,"minecraft:sprint_one_cm":203907,"minecraft:damage_taken":2534,"minecraft:walk_one_cm":285923,"minecraft:damage_blocked_by_shield":2028,"minecraft:drop":19,"minecraft:damage_dealt":9628,"minecraft:swim_one_cm":32313,"minecraft:fly_one_cm":299648,"minecraft:open_chest":5,"minecraft:crouch_one_cm":2697,"minecraft:play_time":101423,"minecraft:deaths":6,"minecraft:sneak_time":1110,"minecraft:walk_under_water_one_cm":11015,"minecraft:jump":2253,"minecraft:interact_with_brewingstand":1,"minecraft:walk_on_water_one_cm":24182,"minecraft:total_world_time":101423,"minecraft:fall_one_cm":50939}},"DataVersion":3955}