{"stats":{"minecraft:killed":{"minecraft:pig":1,"minecraft:zombie_villager":1,"minecraft:spider":1,"minecraft:creeper":3,"minecraft:sheep":1,"minecraft:skeleton":6,"minecraft:zombie":12},"minecraft:mined":{"biomesoplenty:maple_log":19,"minecraft:red_bed":7,"minecraft:deepslate_diamond_ore":9,"minecraft:crafting_table":2,"biomesoplenty:red_maple_leaves":3,"minecraft:short_grass":1,"minecraft:cobblestone":2,"minecraft:diorite":1,"minecraft:spawner":1,"minecraft:furnace":2,"biomesoplenty:red_maple_leaf_pile":1,"minecraft:iron_ore":39,"minecraft:white_carpet":4,"minecraft:moss_carpet":1,"minecraft:deepslate_lapis_ore":6,"minecraft:coal_ore":57,"minecraft:deepslate_iron_ore":31,"minecraft:dripstone_block":3,"minecraft:stone":35,"minecraft:deepslate":20,"minecraft:fern":1},"minecraft:dropped":{"minecraft:moss_carpet":1,"minecraft:stone_axe":1,"minecraft:wheat_seeds":1,"minecraft:glow_ink_sac":2,"minecraft:white_carpet":6,"minecraft:golden_apple":1,"minecraft:stone_pickaxe":1,"minecraft:wooden_pickaxe":1},"minecraft:killed_by":{"minecraft:skeleton":1},"minecraft:picked_up":{"minecraft:crafting_table":2,"minecraft:glow_ink_sac":2,"minecraft:gunpowder":3,"minecraft:moss_carpet":1,"minecraft:lapis_lazuli":36,"minecraft:string":2,"minecraft:red_bed":7,"biomesoplenty:maple_planks":64,"minecraft:white_carpet":7,"minecraft:bone":5,"minecraft:bow":1,"minecraft:wheat_seeds":1,"minecraft:cobbled_deepslate":22,"biomesoplenty:maple_log":19,"minecraft:stone_pickaxe":1,"minecraft:furnace":2,"minecraft:raw_iron":74,"minecraft:stick":2,"minecraft:dripstone_block":3,"minecraft:porkchop":3,"minecraft:pointed_dripstone":2,"minecraft:diorite":1,"minecraft:arrow":5,"minecraft:rotten_flesh":20,"minecraft:diamond":9,"minecraft:stone_axe":1,"minecraft:granite":1,"minecraft:golden_apple":2,"minecraft:coal":129,"minecraft:cobblestone":35},"minecraft:used":{"minecraft:diorite":1,"minecraft:stone_pickaxe":66,"biomesoplenty:maple_planks":1,"minecraft:wooden_pickaxe":8,"minecraft:shield":22,"minecraft:rotten_flesh":19,"minecraft:torch":1,"minecraft:golden_apple":1,"minecraft:white_carpet":1,"minecraft:crafting_table":3,"minecraft:red_bed":6,"minecraft:dripstone_block":3,"minecraft:granite":1,"minecraft:iron_axe":59,"minecraft:iron_pickaxe":135,"minecraft:stone_axe":41,"minecraft:cobblestone":21,"minecraft:furnace":2,"minecraft:porkchop":3,"minecraft:cobbled_deepslate":15,"minecraft:splash_potion":1},"minecraft:crafted":{"minecraft:crafting_table":2,"minecraft:wooden_pickaxe":1,"minecraft:iron_helmet":1,"biomesoplenty:maple_planks":76,"minecraft:furnace":1,"minecraft:stone_axe":2,"minecraft:air":0,"minecraft:iron_boots":1,"minecraft:iron_chestplate":1,"minecraft:shield":1,"minecraft:iron_axe":1,"minecraft:stick":12,"minecraft:iron_ingot":35,"minecraft:iron_pickaxe":1,"minecraft:stone_pickaxe":1,"minecraft:iron_leggings":1,"minecraft:torch":8},"minecraft:custom":{"minecraft:interact_with_furnace":23,"minecraft:mob_kills":25,"minecraft:interact_with_crafting_table":13,"minecraft:time_since_death":5363,"minecraft:climb_one_cm":2750,"minecraft:time_since_rest":5394,"minecraft:sprint_one_cm":61177,"minecraft:damage_taken":1156,"minecraft:walk_one_cm":154668,"minecraft:damage_blocked_by_shield":1290,"minecraft:drop":11,"minecraft:damage_dealt":4976,"minecraft:swim_one_cm":9994,"minecraft:fly_one_cm":97773,"minecraft:open_chest":5,"minecraft:crouch_one_cm":2215,"minecraft:play_time":59423,"minecraft:deaths":2,"minecraft:sneak_time":851,"minecraft:walk_under_water_one_cm":7554,"minecraft:jump":1028,"minecraft:interact_with_brewingstand":1,"minecraft:walk_on_water_one_cm":11751,"minecraft:total_world_time":59423,"minecraft:fall_one_cm":27930}},"DataVersion":3955}