{"stats":{"minecraft:killed":{"minecraft:pig":2,"minecraft:witch":1,"minecraft:zombie_villager":1,"minecraft:bat":1,"minecraft:spider":1,"minecraft:creeper":5,"minecraft:sheep":1,"minecraft:skeleton":9,"minecraft:zombie":17,"minecraft:cow":3},"minecraft:mined":{"minecraft:deepslate_redstone_ore":3,"biomesoplenty:maple_log":19,"minecraft:tuff":10,"minecraft:red_bed":9,"minecraft:deepslate_diamond_ore":17,"minecraft:crafting_table":2,"biomesoplenty:red_maple_leaves":3,"minecraft:short_grass":1,"minecraft:cobblestone":2,"biomesoplenty:tall_white_lavender":1,"minecraft:spruce_leaves":1,"minecraft:diorite":1,"minecraft:spawner":1,"minecraft:furnace":2,"biomesoplenty:red_maple_leaf_pile":1,"minecraft:iron_ore":39,"minecraft:white_carpet":4,"minecraft:moss_carpet":1,"minecraft:deepslate_lapis_ore":6,"minecraft:coal_ore":57,"minecraft:deepslate_iron_ore":40,"minecraft:dripstone_block":3,"biomesoplenty:orange_maple_leaf_pile":1,"minecraft:stone":35,"minecraft:oak_leaves":3,"minecraft:deepslate":36,"minecraft:fern":1},"minecraft:dropped":{"minecraft:moss_carpet":1,"minecraft:stone_axe":1,"biomesoplenty:tall_white_lavender":2,"minecraft:wheat_seeds":1,"minecraft:glow_ink_sac":2,"minecraft:pointed_dripstone":2,"minecraft:white_carpet":6,"minecraft:golden_apple":1,"minecraft:bow":1,"minecraft:stone_pickaxe":1,"minecraft:wooden_pickaxe":1,"minecraft:string":2},"minecraft:killed_by":{"minecraft:skeleton":1,"minecraft:creeper":1},"minecraft:picked_up":{"minecraft:crafting_table":2,"minecraft:glow_ink_sac":2,"minecraft:leather":6,"minecraft:tuff":10,"minecraft:gunpowder":5,"minecraft:moss_carpet":1,"minecraft:lapis_lazuli":36,"minecraft:string":2,"minecraft:red_bed":9,"biomesoplenty:maple_planks":64,"minecraft:white_carpet":7,"minecraft:bone":7,"minecraft:bow":1,"minecraft:wheat_seeds":1,"minecraft:cobbled_deepslate":36,"biomesoplenty:maple_log":19,"minecraft:beef":4,"minecraft:stone_pickaxe":1,"minecraft:furnace":2,"minecraft:raw_iron":83,"minecraft:stick":2,"minecraft:dripstone_block":3,"biomesoplenty:tall_white_lavender":2,"minecraft:porkchop":4,"minecraft:pointed_dripstone":2,"minecraft:diorite":1,"minecraft:redstone":22,"minecraft:spider_eye":1,"minecraft:arrow":8,"minecraft:rotten_flesh":24,"minecraft:diamond":17,"minecraft:stone_axe":1,"minecraft:granite":1,"minecraft:golden_apple":2,"minecraft:coal":129,"minecraft:cobblestone":35},"minecraft:used":{"minecraft:diorite":1,"minecraft:stone_pickaxe":66,"biomesoplenty:maple_planks":5,"minecraft:wooden_pickaxe":8,"minecraft:shield":30,"minecraft:rotten_flesh":28,"minecraft:torch":2,"minecraft:golden_apple":1,"minecraft:white_carpet":1,"minecraft:crafting_table":3,"minecraft:red_bed":7,"minecraft:dripstone_block":3,"minecraft:tuff":10,"minecraft:granite":1,"minecraft:iron_axe":104,"minecraft:iron_pickaxe":182,"minecraft:stone_axe":41,"minecraft:beef":4,"minecraft:cobblestone":21,"minecraft:furnace":2,"minecraft:porkchop":4,"minecraft:cobbled_deepslate":26,"minecraft:splash_potion":1},"minecraft:crafted":{"minecraft:crafting_table":2,"minecraft:wooden_pickaxe":1,"minecraft:iron_helmet":1,"biomesoplenty:maple_planks":76,"minecraft:furnace":1,"minecraft:stone_axe":2,"minecraft:air":0,"minecraft:iron_boots":1,"minecraft:iron_chestplate":1,"minecraft:shield":1,"minecraft:iron_axe":1,"minecraft:stick":12,"minecraft:iron_ingot":35,"minecraft:iron_pickaxe":1,"minecraft:stone_pickaxe":1,"minecraft:iron_leggings":1,"minecraft:torch":8},"minecraft:custom":{"minecraft:interact_with_furnace":23,"minecraft:mob_kills":42,"minecraft:interact_with_crafting_table":13,"minecraft:time_since_death":13279,"minecraft:sleep_in_bed":1,"minecraft:climb_one_cm":2750,"minecraft:time_since_rest":13302,"minecraft:sprint_one_cm":159290,"minecraft:damage_taken":1821,"minecraft:walk_one_cm":240228,"minecraft:damage_blocked_by_shield":1758,"minecraft:drop":16,"minecraft:damage_dealt":7825,"minecraft:swim_one_cm":19558,"minecraft:fly_one_cm":225605,"minecraft:open_chest":5,"minecraft:crouch_one_cm":2697,"minecraft:play_time":83423,"minecraft:deaths":4,"minecraft:sneak_time":1100,"minecraft:walk_under_water_one_cm":9411,"minecraft:jump":1832,"minecraft:interact_with_brewingstand":1,"minecraft:walk_on_water_one_cm":22436,"minecraft:total_world_time":83423,"minecraft:fall_one_cm":42421}},"DataVersion":3955}