{"stats":{"minecraft:broken":{"minecraft:iron_axe":1},"minecraft:killed":{"minecraft:pig":7,"minecraft:witch":1,"minecraft:zombie_villager":1,"minecraft:bat":1,"minecraft:spider":1,"minecraft:creeper":7,"minecraft:sheep":1,"minecraft:skeleton":11,"minecraft:zombie":26,"minecraft:cow":3},"minecraft:mined":{"minecraft:deepslate_redstone_ore":6,"biomesoplenty:maple_log":20,"minecraft:tuff":11,"minecraft:red_bed":16,"minecraft:deepslate_diamond_ore":25,"minecraft:cherry_log":1,"minecraft:crafting_table":4,"biomesoplenty:red_maple_leaves":3,"minecraft:short_grass":2,"biomesoplenty:snowblossom_leaves":1,"minecraft:cobblestone":2,"biomesoplenty:tall_white_lavender":1,"minecraft:spruce_leaves":1,"minecraft:deepslate_gold_ore":3,"minecraft:diorite":1,"minecraft:spawner":1,"minecraft:raw_iron_block":1,"biomesoplenty:jacaranda_log":1,"minecraft:coarse_dirt":4,"minecraft:furnace":4,"biomesoplenty:icy_iris":1,"biomesoplenty:red_maple_leaf_pile":1,"minecraft:iron_ore":46,"minecraft:white_carpet":7,"minecraft:moss_carpet":1,"minecraft:deepslate_lapis_ore":6,"biomesoplenty:maple_planks":2,"minecraft:coal_ore":72,"minecraft:iron_bars":1,"minecraft:deepslate_iron_ore":66,"minecraft:dripstone_block":3,"biomesoplenty:orange_maple_leaf_pile":1,"minecraft:stone":49,"minecraft:oak_leaves":3,"minecraft:deepslate":39,"minecraft:fern":1},"minecraft:dropped":{"minecraft:moss_carpet":1,"minecraft:stone_axe":1,"biomesoplenty:tall_white_lavender":2,"minecraft:wheat_seeds":1,"minecraft:cherry_log":2,"minecraft:glow_ink_sac":2,"minecraft:pointed_dripstone":2,"minecraft:white_carpet":9,"minecraft:golden_apple":1,"minecraft:bow":1,"minecraft:stone_pickaxe":1,"minecraft:wooden_pickaxe":1,"minecraft:iron_pickaxe":1,"minecraft:string":2},"minecraft:killed_by":{"minecraft:skeleton":2,"minecraft:creeper":1,"minecraft:zombie":1},"minecraft:picked_up":{"minecraft:coarse_dirt":15,"minecraft:crafting_table":4,"minecraft:glow_ink_sac":2,"minecraft:leather":6,"minecraft:tuff":11,"minecraft:gunpowder":5,"minecraft:moss_carpet":1,"minecraft:lapis_lazuli":36,"minecraft:string":2,"minecraft:red_bed":16,"biomesoplenty:maple_planks":66,"minecraft:white_carpet":13,"minecraft:bone":7,"minecraft:bow":1,"minecraft:wheat_seeds":1,"minecraft:raw_gold":3,"minecraft:cobbled_deepslate":39,"biomesoplenty:maple_log":20,"minecraft:beef":4,"minecraft:stone_pickaxe":1,"minecraft:furnace":4,"minecraft:raw_iron":157,"minecraft:stick":2,"minecraft:raw_iron_block":1,"minecraft:dripstone_block":3,"biomesoplenty:tall_white_lavender":2,"minecraft:porkchop":13,"minecraft:cherry_log":2,"minecraft:pointed_dripstone":2,"minecraft:diorite":1,"minecraft:redstone":35,"minecraft:spider_eye":1,"biomesoplenty:jacaranda_log":1,"minecraft:arrow":9,"minecraft:rotten_flesh":32,"minecraft:diamond":25,"minecraft:stone_axe":1,"minecraft:granite":1,"minecraft:golden_apple":2,"minecraft:coal":192,"minecraft:cobblestone":49},"minecraft:used":{"minecraft:diorite":1,"minecraft:stone_pickaxe":66,"biomesoplenty:maple_planks":5,"minecraft:wooden_pickaxe":8,"minecraft:shield":36,"minecraft:rotten_flesh":36,"minecraft:torch":2,"minecraft:golden_apple":1,"minecraft:white_carpet":1,"minecraft:crafting_table":5,"minecraft:red_bed":14,"minecraft:dripstone_block":3,"minecraft:tuff":11,"minecraft:granite":1,"biomesoplenty:jacaranda_planks":4,"minecraft:apple":3,"minecraft:iron_axe":164,"minecraft:iron_pickaxe":268,"minecraft:stone_axe":41,"minecraft:beef":4,"minecraft:cobblestone":35,"minecraft:furnace":4,"minecraft:porkchop":13,"minecraft:coarse_dirt":15,"minecraft:cobbled_deepslate":39,"minecraft:splash_potion":2},"minecraft:crafted":{"biomesoplenty:jacaranda_planks":4,"minecraft:crafting_table":2,"minecraft:wooden_pickaxe":1,"minecraft:iron_helmet":1,"biomesoplenty:maple_planks":80,"minecraft:furnace":1,"minecraft:stone_axe":2,"minecraft:air":0,"minecraft:iron_boots":1,"minecraft:iron_chestplate":1,"minecraft:shield":3,"minecraft:iron_axe":2,"minecraft:stick":16,"minecraft:iron_ingot":86,"minecraft:iron_pickaxe":2,"minecraft:stone_pickaxe":1,"minecraft:iron_leggings":1,"minecraft:torch":8},"minecraft:custom":{"minecraft:interact_with_furnace":27,"minecraft:mob_kills":61,"minecraft:interact_with_crafting_table":16,"minecraft:time_since_death":23350,"minecraft:sleep_in_bed":7,"minecraft:climb_one_cm":6413,"minecraft:time_since_rest":16226,"minecraft:sprint_one_cm":246461,"minecraft:damage_taken":2986,"minecraft:walk_one_cm":347220,"minecraft:damage_blocked_by_shield":2163,"minecraft:drop":20,"minecraft:damage_dealt":11042,"minecraft:swim_one_cm":114280,"minecraft:fly_one_cm":406780,"minecraft:open_chest":7,"minecraft:crouch_one_cm":5038,"minecraft:play_time":137423,"minecraft:deaths":7,"minecraft:sneak_time":2041,"minecraft:walk_under_water_one_cm":13731,"minecraft:jump":2800,"minecraft:interact_with_brewingstand":2,"minecraft:walk_on_water_one_cm":35870,"minecraft:total_world_time":137423,"minecraft:fall_one_cm":68892}},"DataVersion":3955}